Minimum Distance From Mutation,Molecule Type,Atom serial number,Atom name,Alternate location indicator,Residue name,Chain identifier,Residue sequence number,Code for insertions of residues,X,Y,Z,Occupancy,Temperature factor,Segment idenifier,Element symbol
23.9,HETATM,841,FE,,FE,FE,400,,24.871,-40.576,17.658,1.00,33.90,,FE
23.5,HETATM,842,FE,,FE,FE,401,,20.263,0.000,0.000,1.00,74.82,,FE
16.5,HETATM,843,FE,,FE,FE,402,,36.313,-26.856,26.488,1.00,47.16,,FE
18.6,HETATM,844,O,,HOH,Mi,1,,22.283,-2.076,4.269,1.00,48.59,,O
14.5,HETATM,845,O,,HOH,Mi,2,,27.900,-29.427,26.087,1.00,40.79,,O
17.3,HETATM,846,O,,HOH,Mi,3,,36.210,-28.986,14.109,1.00,62.19,,O
25.5,HETATM,847,O,,HOH,Mi,4,,45.308,-32.347,16.923,1.00,48.24,,O
19.7,HETATM,848,O,,HOH,Mi,5,,7.708,2.323,17.805,1.00,35.21,,O
18.9,HETATM,849,O,,HOH,Mi,6,,10.704,-4.800,8.171,1.00,39.90,,O
28.0,HETATM,850,O,,HOH,Mi,7,,8.756,0.000,0.000,1.00,16.91,,O
15.7,HETATM,851,O,,HOH,Mi,8,,23.370,1.542,13.642,1.00,57.21,,O
9.9,HETATM,852,O,,HOH,Mi,9,,31.877,-21.208,13.668,1.00,46.39,,O
18.3,HETATM,853,O,,HOH,Mi,10,,25.878,-34.087,25.326,1.00,39.93,,O
26.5,HETATM,854,O,,HOH,Mi,11,,10.798,8.255,8.258,1.00,48.16,,O
9.2,HETATM,855,O,,HOH,Mi,12,,25.561,-7.256,12.062,1.00,60.42,,O
32.9,HETATM,856,O,,HOH,Mi,13,,4.441,9.126,3.303,1.00,44.86,,O
26.9,HETATM,857,O,,HOH,Mi,14,,45.180,-34.860,19.549,1.00,61.35,,O
7.9,HETATM,858,O,,HOH,Mi,15,,26.506,-23.934,22.624,1.00,47.24,,O
13.9,HETATM,859,O,,HOH,Mi,16,,12.970,-11.203,10.553,1.00,60.13,,O
14.6,HETATM,860,O,,HOH,Mi,17,,23.152,-12.187,4.302,1.00,36.86,,O
4.4,HETATM,861,O,,HOH,Mi,18,,22.211,-17.958,22.934,1.00,50.37,,O
22.9,HETATM,862,O,,HOH,Mi,19,,4.603,1.898,14.458,1.00,34.30,,O
13.0,HETATM,863,O,,HOH,Mi,20,,24.594,-29.684,20.695,1.00,59.63,,O
25.7,HETATM,864,O,,HOH,Mi,21,,7.698,4.401,7.642,1.00,55.10,,O
2.5,HETATM,865,O,,HOH,Mi,22,,18.681,-11.222,22.111,1.00,51.17,,O
36.7,HETATM,866,O,,HOH,Mi,23,,1.289,19.857,18.444,1.00,59.07,,O
22.7,HETATM,867,O,,HOH,Mi,24,,12.741,9.399,16.693,1.00,46.12,,O
14.1,HETATM,868,O,,HOH,Mi,25,,37.423,-23.520,16.878,1.00,53.60,,O
19.5,HETATM,869,O,,HOH,Mi,26,,43.131,-24.739,20.566,1.00,50.38,,O
16.1,HETATM,870,O,,HOH,Mi,27,,21.627,-32.347,18.315,1.00,51.37,,O
24.2,HETATM,871,O,,HOH,Mi,28,,7.675,1.779,7.617,1.00,48.53,,O
25.0,HETATM,872,O,,HOH,Mi,29,,9.819,5.892,8.954,1.00,59.06,,O
11.7,HETATM,873,O,,HOH,Mi,30,,14.395,-13.798,12.151,1.00,50.30,,O
33.2,HETATM,874,O,,HOH,Mi,31,,6.026,17.763,15.321,1.00,52.18,,O
28.1,HETATM,875,O,,HOH,Mi,32,,26.667,-44.722,22.023,1.00,39.53,,O
18.6,HETATM,876,O,,HOH,Mi,33,,30.850,-31.447,29.452,1.00,30.20,,O
16.3,HETATM,877,O,,HOH,Mi,34,,33.276,-28.975,12.324,1.00,48.80,,O
18.6,HETATM,878,O,,HOH,Mi,35,,20.343,1.325,8.229,1.00,61.03,,O
24.9,HETATM,879,O,,HOH,Mi,36,,13.725,7.546,8.329,1.00,36.58,,O
21.5,HETATM,880,O,,HOH,Mi,37,,42.771,-29.106,22.042,1.00,53.48,,O
20.6,HETATM,881,O,,HOH,Mi,38,,43.192,-26.954,17.947,1.00,54.29,,O
6.9,HETATM,882,O,,HOH,Mi,39,,25.712,-6.742,17.639,1.00,59.03,,O
28.1,HETATM,883,O,,HOH,Mi,40,,8.468,6.399,5.171,1.00,49.57,,O
28.4,HETATM,884,O,,HOH,Mi,41,,10.324,13.937,14.128,1.00,58.82,,O
42.0,HETATM,885,O,,HOH,Mi,42,,-7.153,19.937,18.593,1.00,78.98,,O
29.4,HETATM,886,O,,HOH,Mi,43,,6.037,14.503,20.396,1.00,47.48,,O
16.5,HETATM,887,O,,HOH,Mi,44,,38.976,-25.766,21.364,1.00,50.63,,O
21.4,HETATM,888,O,,HOH,Mi,45,,21.399,-37.564,22.034,1.00,57.86,,O
11.5,HETATM,889,O,,HOH,Mi,46,,20.169,-26.843,17.879,1.00,52.37,,O
16.2,HETATM,890,O,,HOH,Mi,47,,18.763,-21.142,4.954,1.00,67.52,,O
17.8,HETATM,891,O,,HOH,Mi,48,,16.652,-15.041,2.967,1.00,49.74,,O
19.6,HETATM,892,O,,HOH,Mi,49,,24.768,-1.855,3.036,1.00,47.46,,O
33.7,HETATM,893,O,,HOH,Mi,50,,10.241,9.638,-1.245,1.00,62.99,,O
30.6,HETATM,894,O,,HOH,Mi,51,,10.324,12.576,6.932,1.00,61.30,,O
7.7,HETATM,895,O,,HOH,Mi,52,,25.079,-10.859,11.590,1.00,59.59,,O
14.1,HETATM,896,O,,HOH,Mi,53,,35.736,-23.333,12.737,1.00,57.84,,O
10.6,HETATM,897,O,,HOH,Mi,54,,16.315,-18.499,13.086,1.00,43.46,,O
16.9,HETATM,898,O,,HOH,Mi,55,,16.149,-12.380,4.224,1.00,44.02,,O
46.9,HETATM,899,O,,HOH,Mi,56,,-9.123,20.386,6.123,1.00,66.64,,O
9.2,HETATM,900,O,,HOH,Mi,57,,33.834,-19.073,22.208,1.00,51.91,,O
27.2,HETATM,901,O,,HOH,Mi,58,,11.324,10.637,9.753,1.00,68.02,,O
17.2,HETATM,902,O,,HOH,Mi,59,,23.527,-28.823,7.423,1.00,58.67,,O
16.5,HETATM,903,O,,HOH,Mi,60,,22.653,-16.284,2.690,1.00,53.11,,O
38.3,HETATM,904,O,,HOH,Mi,61,,-3.342,18.150,17.981,1.00,53.65,,O
6.3,HETATM,905,O,,HOH,Mi,62,,29.851,-18.047,23.753,1.00,70.31,,O
10.9,HETATM,906,O,,HOH,Mi,63,,34.115,-20.941,24.426,1.00,52.18,,O
8.2,HETATM,907,O,,HOH,Mi,64,,31.510,-15.857,24.902,1.00,63.32,,O
13.0,HETATM,908,O,,HOH,Mi,65,,32.745,-24.013,11.774,1.00,58.13,,O
15.5,HETATM,909,O,,HOH,Mi,66,,37.291,-25.260,14.644,1.00,39.36,,O
17.3,HETATM,910,O,,HOH,Mi,67,,21.382,-11.107,1.983,1.00,47.68,,O
13.9,HETATM,911,O,,HOH,Mi,68,,26.695,-21.982,6.683,1.00,64.38,,O
18.9,HETATM,912,O,,HOH,Mi,69,,18.243,-12.411,1.088,1.00,54.71,,O
22.4,HETATM,913,O,,HOH,Mi,70,,13.243,8.204,14.324,1.00,40.87,,O
17.7,HETATM,914,O,,HOH,Mi,71,,14.859,-23.725,6.612,1.00,60.17,,O
14.0,HETATM,915,O,,HOH,Mi,72,,24.382,-15.027,4.967,1.00,45.68,,O
33.4,HETATM,916,O,,HOH,Mi,73,,17.375,16.933,4.981,1.00,54.01,,O
1.8,HETATM,917,O,,HOH,Mi,74,,23.750,-10.663,21.474,1.00,45.40,,O
21.4,HETATM,918,O,,HOH,Mi,75,,37.581,-32.543,12.045,1.00,56.76,,O
18.5,HETATM,919,O,,HOH,Mi,76,,40.070,-26.107,13.404,1.00,64.95,,O
35.9,HETATM,920,O,,HOH,Mi,77,,7.978,17.055,4.931,1.00,55.17,,O
17.4,HETATM,921,O,,HOH,Mi,78,,27.117,-31.754,10.873,1.00,53.90,,O
34.0,HETATM,922,O,,HOH,Mi,79,,49.162,-40.653,23.468,1.00,49.11,,O
28.0,HETATM,923,O,,HOH,Mi,80,,26.972,-43.978,25.628,1.00,53.99,,O
15.5,HETATM,924,O,,HOH,Mi,81,,25.795,-2.451,7.986,1.00,48.93,,O
21.3,HETATM,925,O,,HOH,Mi,82,,9.864,-2.823,6.672,1.00,53.36,,O
26.5,HETATM,926,O,,HOH,Mi,83,,2.326,3.460,11.680,1.00,55.10,,O
27.1,HETATM,927,O,,HOH,Mi,84,,0.028,2.530,13.291,1.00,71.61,,O
35.5,HETATM,928,O,,HOH,Mi,85,,7.122,17.708,7.510,1.00,66.22,,O
25.0,HETATM,929,O,,HOH,Mi,86,,20.966,7.401,5.421,1.00,47.73,,O
15.9,HETATM,930,C1,,BME,BM,500,,20.000,-0.008,11.576,1.00,56.90,,C
14.7,HETATM,931,C2,,BME,BM,500,,20.936,-1.220,11.420,1.00,53.16,,C
15.6,HETATM,932,O1,,BME,BM,500,,20.318,0.679,12.777,1.00,72.37,,O
13.3,HETATM,933,S2,,BME,BM,500,,20.301,-2.644,12.343,1.00,41.79,,S
